04/08/2002	Babson	Eric	M		RS	paid	Faculty/Staff	babson@math.washington.edu	5
07/09/2002	Brew	Helen	F		L	paid	Faculty/Staff	hbrew@u.washington.edu	5
11/11/2001	Bullister	John	M	A1231	RS	paid	Faculty/Staff	bullister @pmel.noaa.gov	5
02/05/2002	Clot	Olivier	M	0648	L	paid	Faculty/Staff	colivier@u.washington.edu	4
07/25/2002	Codron	Francis	M		L	no	Faculty/Staff	codron@atmos.washington.edu	4
07/09/2002	Collett	Brent	M		RS	paid	Faculty/Staff	bcollett@u.washington.edu	4
10/24/2001	Comegys	Bill	M		I	no	Faculty/Staff	bcomegys@u.washington.edu	4
10/24/2001	Cornwall	James	M		RS	paid	Faculty/Staff	cornwall@u.washington.edu	3
07/18/2002	Cunningham	Lisa	F		L	paid	Faculty/Staff	llc4q@u.washington.edu	4
07/02/2002	Dabhi	Vik	M	V337959	RS	no	Faculty/Staff	markiv30329@yahoo.com	5
10/16/2001	Dandridge	Richard	M	5727493	I	no	Faculty/Staff	dandr@u.washington.edu	4
10/16/2001	Dandridge	Susan	F	5549638	I	no	Faculty/Staff	sued@u.washington.edu	4
11/04/2001	Franklin	Allyn	M	707684	RS	paid	Faculty/Staff	aafrank@u.washington.edu	5
07/09/2002	Greenson	Jessica	F		RS	paid	Faculty/Staff	greenson@u.washington.edu	4
03/15/2002	Kao	Tiffany	F		L	paid	Faculty/Staff	tlkao@u.washington.edu	2
10/24/2001	Karro	Jason	M	1002	RS	paid	Faculty/Staff	jfkarro@hotmail.com	5
10/24/2001	Kaupang	Kristin	M		RS	paid	Faculty/Staff	kekaupang@hotmail.com	5
02/21/2002	Koziol	Ann	F		L	paid	Faculty/Staff	annk@u.washington.edu	4
03/15/2002	Linbo	Tor	M		L	paid	Faculty/Staff	tlinbo@u.washington.edu	4
11/04/2001	Madlung	Andreas	M		RS	paid	Faculty/Staff	madlunga@u.washington.edu	5
05/29/2002	Mercado	Jennifer	F		RS	paid	Faculty/Staff	jennifran23@yahoo.com	5
10/24/2001	Mueller	Gregory	M		RS	paid	Faculty/Staff	gregm@u.washington.edu	5
11/11/2001	Muller	Gail	F		RS	paid	Faculty/Staff	mullerg@u.washington.edu	4
02/21/2002	O'Hearn	Patrick	M	 99996-	RS	paid	Faculty/Staff	ahearn@pmel.noaa.gov	5
04/08/2002	O'Keefe	Thomas	M		I	no	Faculty/Staff	okeefe@u.washington.edu	3
11/15/2001	Pichler	Raimund	M		RS	paid	Faculty/Staff	rpichler@u.washington.edu	5
10/24/2001	Pollard	Jason	M		I	paid	Faculty/Staff	jasonpollard1@yahoo.com	3
11/04/2001	Reed	Bryan	M	AO999	RS	no	Faculty/Staff	 bwreed@u.washington.edu	4
07/09/2002	Rinaldi	Julie	F		RS	paid	Faculty/Staff	rinaldi@u.washington.edu	4
07/18/2002	Russell	Steve	M		L	paid	Faculty/Staff	ergoguy@earthlink.net	4
07/09/2002	Shadlen	Michael	M		L	paid	Faculty/Staff	shadlen@u.washington.edu	4
11/11/2001	Shekleton	Phillip	M	9324358	RS	paid	Faculty/Staff	philross@u.washington.edu	4
11/15/2001	Smidt	Hauke	M		RS	paid	Faculty/Staff	smidt@u.washington.edu	4
04/31/2002	Sundin	Bryan	M	Q179	L	paid	Faculty/Staff	sundin@u.washington.edu	5
03/15/2002	Ty	Sidya	M		L	paid	Faculty/Staff	sidyat@u.washington.edu	2
02/05/2002	Veenstra	David	M		RS	paid	Faculty/Staff	veenstra@u.washington.edu	3
10/24/2001	Wagenbach	Michael	M		RS	paid	Faculty/Staff	wagen@u.washington.edu	5
10/16/2001	Will	Oliver	M	1078	RS	paid	Faculty/Staff	oliver@u.washington.edu	5
07/01/2002	Williams	William	M		RS	paid	Faculty/Staff	willpath@hotmail.com	4
07/02/2002	Winder	Monika	F		L	paid	Faculty/Staff	mwinder@u.washington.edu	4
07/18/2002	Wong	Annie	F	031189	I	paid	Faculty/Staff	annie42_w@yahoo.com	5
10/16/2001	Zeller	Christoph	M		RS	no	Faculty/Staff	zeller@u.washington.edu	5
