01/12/2003	A'Hearn	Patrick	M		RS	paid	Faculty/Staff	ahearn@u.washington.edu	5
10/27/2002	Aberle	Chris	M	9424684	RS	no	Student	aberle@aa.washington.edu	5
05/11/2003	Adam	Claire	F	0139088	RS	no	Student	cadam@u.washington.edu	4
10/29/2002	Adelsheim	Charles	M	9923985	RS	no	Student	charlesa@u.washington.edu	2
10/06/2002	Afflerbaugh	Todd	M	0226286	RS	no	Student	tafflerb@u.washington.edu	4
11/05/2002	Ahn	Misol	F	9731539	L	no	Student	althf@u.washington.edu	2
02/16/2003	Ahn	Sae Joon	M	0236835	L	no	Student	sjahn@u.washington.edu	2
10/05/2002	Albano	David	M	0225365	RS	no	Student	dpalbano@u.washington.edu	2
10/06/2002	Ammerman	Marie	F	0226624	L	no	Student	marie@atmos.washington.edu	2
11/17/2002	Babson	Amanda	F	9923930	RS	no	Student	babsona@ocean.washington.edu	5
02/02/2003	Banks	Adria	F		RS	paid	Faculty/Staff	biomarina@hotmail.com	5
10/20/2002	Bauer	Brian	M	0237835	L	no	Student	uwdiamondawg@yahoo.com	5
04/13/2003	Baugh	Loren	M	9727746	RS	no	Student	lorenb@u.washington.edu	5
02/09/2003	Bertomen	Michael	M		L	no	Faculty/Staff	mbertome@u.washington.edu	2
01/12/2003	Bessette	Eric	M	9920924	I	no	Student	bessette@u.washington.edu	3
04/20/2003	Bogard	Sara	F	0137340	RS	no	Student	sbogard@u.washington.edu	2
11/17/2002	Brand	Andrew	M	0229506	RS	no	Student	abrand@u.washington.edu	5
10/06/2002	Breckel	Erin	F	0029251	L	no	Student	ebreckel@u.washington.edu	2
04/20/2003	Brew	Helen	F		RS	no	Faculty/Staff	hbrew@u.washington.edu	4
11/05/2002	Brown	Nathaniel	M	0021477	RS	no	Student	ngb@u.washington.edu	4
01/12/2003	Brune	Jeff	M	9633521	L	no	Student	jbrune@u.washington.edu	5
10/20/2002	Buen Abad	Luis	M	9212841	I	no	Student	luis@u.washington.edu	4
12/08/2002	Bullis	James	M	0233039	RS	no	Student	bullij@u.washington.edu	5
04/20/2003	Bullister	John	M		RS	paid	Faculty/Staff	bullister@pmel.noaa.gov	5
05/11/2003	Carothers	David	M		RS	paid	Spouse	djc@drizzle.com	5
11/10/2002	Carpenter	Shelly	F		I	no	Faculty/Staff	seashell@u.washington.edu	5
11/05/2002	Chen	Xi	M	0011791	L	no	Student	chenxi@u.washington.edu	2
02/09/2003	Chhim	Satom	M		L	no	Faculty/Staff	schhim79@hotmail.com	2
11/17/2002	Comegys	Bill	M		I	no	Faculty/Staff	bcomegys@u.washington.edu	4
11/10/2002	Cook	Rebecca	F	0011398	RS	no	Student	rcc@u.washington.edu	3
11/05/2002	Cooper	Jeremy	M	9836005	RS	no	Student	jrc0711@u.washington.edu	5
10/20/2002	Cornwall	James	M		RS	paid	Faculty/Staff	cornwall@u.washington.edu	3
11/24/2002	Crowley	Hope	F		L	paid	Faculty/Staff	hcrowley@u.washington.edu	2
10/06/2002	Curry	Lauren	F	0124582	RS	no	Student	lbcurry@hotmail.com	2
11/10/2002	Dabhi	Vik	M		RS	paid	Faculty/Staff	markiv30329@yahoo.com	5
11/03/2002	Daigle	Tanya	F	0225090	RS	no	Student	daigle@u.washington.edu	2
01/12/2003	DeAmicis	Stacey	F		I	no	Faculty/Staff	deamicis@u.washington.edu	4
12/08/2002	DeVany	Teresa	F	9820036	L	no	Student	firefly1@u.washington.edu	4
01/12/2003	Edmunds	Louise	F		L	paid	Faculty/Staff	edmunds@u.washington.edu	2
04/27/2003	Ehnebuske	Lauren	F	0240511	RS	no	Student	lve@u.washington.edu	5
04/20/2003	Elleman	Robert	M	0027204	RS	no	Student	rob@atmos.washington.edu	2
10/29/2002	Endsley	Stephanie	F	9935497	RS	no	Student	sendsley@u.washington.edu	5
04/06/2003	Ernst	Billy	M		RS	no	Faculty/Staff	biernst@u.washington.edu	4
12/08/2002	Esser	Ernie	M	9820316	L	no	Student	jesser@u.washington.edu	4
04/27/2003	Evans	Coileen	F	0020135	L	no	Student	ctebean@u.washington.edu	4
10/06/2002	Fain	Annika	F	0033947	L	no	Student	afain@ocean.washington.edu	4
10/06/2002	Fichtenholtz	Alex	M	0121529	RS	no	Student	amf4@u.washington.edu	2
10/06/2002	Finn	Bill	M	9423650	RS	no	Student	bfinn@u.washington.edu	5
04/06/2003	Finney	Ryan	M	0037371	L	no	Student	rlfinney@u.washington.edu	5
04/27/2003	Flanagan	Mary Ellen	F		RS	paid	Faculty/Staff	mflanaga@u.washington.edu	4
11/24/2002	Flanary	Suzanne	F	0234264	I	no	Student	sflanary@u.washington.edu	3
10/20/2002	Fong	Hanson	M	9631926	L	no	Student	hfong@u.washington.edu	5
12/08/2002	Foster	Brian	M		L	paid	Faculty/Staff	blfoster@u.washington.edu	2
01/26/2003	Fox	Eric	M		RS	paid	Faculty/Staff	ericpfox@mailbolt.com	4
04/06/2003	Franklin	Joel	M	0133361	L	no	Student	joelpf@u.washington.edu	5
05/11/2003	French	Colin	M		I	no	Faculty/Staff	windward@u.washington.edu	5
04/27/2003	Friedenthal	Christina	F	0232457	L	no	Student	clf2@u.washington.edu	3
04/27/2003	Gibbard	Megan	F	0232449	L	no	Student	mgibbard@u.washington.edu	4
10/29/2002	Golard	Andre	M	0236684	RS	no	Student	golard@u.washington.edu	4
11/17/2002	Goodell	Amanda	F	0220706	L	no	Student	arg@u.washington.edu	4
04/27/2003	Greve	Adrienne	F	0226460	L	no	Student	aigreve@u.washington.edu	2
02/09/2003	Harris Boundy	Jason	M	9829821	RS	no	Student		2
10/27/2002	Harrison	Julia	F	0233323	L	no	Student	juliah@u.washington.edu	5
04/20/2003	Hartman	Jaymes	M	0236025	RS	no	Student	jaymeshartman@u.washington.edu	5
01/03/2003	HECKMAN	ANNA MARIA	F	9427887	RS	no	Student	anbanana@u.washington.edu	4
05/11/2003	Higuera	Philip	M	9927680	RS	no	Student		2
10/06/2002	Hook	Hannah	F	0220990	RS	no	Student	handh02@yahoo.com	5
04/06/2003	Hutter	Carolyn	F	0226239	L	no	Student	chutter@u.washington.edu	2
05/11/2003	Imbihl	Ronald	M		RS	paid	Faculty/Staff	imbihl@pci.uni-hannover.de	3
04/27/2003	Isaac	Paul	M	9620437	L	no	Student	pdi@u.washington.edu	2
04/06/2003	Jardimek	Elenka	F		RS	no	Faculty/Staff	etravels@yahoo.com	5
10/06/2002	Johnson	Christopher	M	0231837	RS	no	Student	cpjohnst@u.washington.edu	5
11/05/2002	Johnston	Allison	F	0222373	RS	no	Student	MagicJohnston@u.washington.edu	4
02/16/2003	Jolly	Matthew	M	9612506	I	no	Student	mjolly@u.washington.edu	3
04/13/2003	Judy	Brian	M	0236363	RS	no	Student	bjudy01@u.washington.edu	3
04/20/2003	Kay	Jennifer	F	0027802	RS	no	Student	jenkay@u.washington.edu	2
04/27/2003	Kellogg	Jonathan	M	9738860	L	no	Student	kellogj@u.washington.edu	4
04/27/2003	Kelly	John	M		I	no	Faculty/Staff	jek@u.washington.edu	2
05/11/2003	Krawitz	Carin	F		RS	paid	Spouse	carindk2002@yahoo.com	5
05/11/2003	Krawitz	Seth	M		RS	paid	Faculty/Staff	skrawitz@u.washington.edu	5
04/13/2003	Krohn	Aaron	M	0129034	L	no	Student	akrohn@u.washington.edu	2
10/13/2002	Kubasek	Patrick	M	0220292	RS	no	Student	pkubasek@u.washington.edu	5
12/08/2002	Lange	Monika	F		RS	paid	Spouse	monika.Lange@gmx.net	4
04/27/2003	Larsen	Jeffrey	M	0123756	RS	no	Student	jjlarsen@u.washington.edu	5
04/27/2003	LEITNER	Ralph	M	0037055	I	no	Student	leitner@coffman.com	4
01/12/2003	Lemar	Eric	M	9926202	RS	no	Student	elemar@u.washington.edu	5
01/19/2003	Liang	Patty	F	0232770	L	no	Student	pliang7@hotmail.com	5
04/06/2003	Lockwood	Sheri	F		I	no	Faculty/Staff	dillo@u.washington.edu	2
11/05/2002	Loverich	John	M	9623902	RS	no	Student	Jlovric@u.washington.edu	4
02/16/2003	MacMillan	Meg	F	staff	RS	paid	Faculty/Staff	mmac3@u.washington.edu	2
10/26/2002	Madlung	Andreas	M		RS	paid	Faculty/Staff	madlunga@u.washington.edu	5
02/09/2003	Malonzo	Edizen	M		L	no	Faculty/Staff		2
05/03/2003	Mar 	Patrick	M	0221731	RS	no	Student	strgstud@u.washington.edu	5
04/13/2003	Matheny	Amber	F	9927917	L	no	Student	amatheny@u.washington.edu	2
04/27/2003	McCraw	Julia	F		RS	paid	Faculty/Staff	juliamcc@stanfordalumni.org	5
11/05/2002	McLaughlin	Zephyr	M		RS	paid	Faculty/Staff	zephyrmc@u.washington.edu	3
01/12/2003	Meyer	Melissa	F	0123505	RS	no	Student	mgmeyer@u.washington.edu	4
05/11/2003	Miller	John	M		RS	paid	Spouse	jmiller@viaspring.com	4
04/20/2003	Minte-Vera	Carolina	F	0040310	RS	no	Student	cminte@u.washington.edu	2
03/02/2003	Mitsuyama	Hiroki	M		L	no	Faculty/Staff	hiroki@u.washington.edu	5
04/13/2003	Moskowitz	David	M	9622103	L	no	Student	dmosk@u.washington.edu	4
10/27/2002	Mueller	Gregory	M		RS	paid	Faculty/Staff	gregm@u.washington.edu	5
05/11/2003	Nance	Shelly	F	9334977	L	no	Student	nances@u.washington.edu	5
11/05/2002	Ng	Ian	M	0224718	RS	no	Student	ianng@u.washington.edu	5
01/26/2003	Nilsson	Lina	F	0223619	RS	no	Student	linan@u.washington.edu	2
12/08/2002	O'Keefe	Tom	M		I	no	Faculty/Staff	okeefe@u.washington.edu	3
05/11/2003	Owsley	Lane	M		L	paid	Faculty/Staff	lane@apl.washington.edu	5
10/27/2002	Pagel	Gerald	M	9910077	RS	no	Student	gpagel@u.washington.edu	3
10/27/2002	Pagel	Matt	M	0232195	I	no	Student	mrpagel@u.washington.edu	3
04/13/2003	Papac	Jessie	F	0133290	L	no	Student	jpapac@u.washington.edu	2
04/27/2003	Parkins	Dina	F		L	paid	Spouse	aanddina@hotmail.com	4
05/11/2003	Pashelinsky	Beacky	F	0132914	L	no	Student	bp4@u.washington.edu	5
01/19/2003	Peak	Chris	M		L	paid	Faculty/Staff	mtnpeak20@attbi.com	5
11/05/2002	Price	Heather	F	9711746	RS	no	Student	hprice@u.washington.edu	5
02/02/2003	Ramsey	Kevin	M	0226752	RS	no	Student	kramsey@u.washington.edu	5
11/17/2002	Rentmeester	Steve	M	0134705	I	no	Student	sar3@u.washington.edu	5
04/27/2003	Rhodes-Hartman	Amy	F	0236025	L	paid	Spouse	amybrhodes@yahoo.com	2
04/13/2003	Ruef	Wendi	F		RS	paid	Faculty/Staff	wruef@ocean.washington.edu	4
04/27/2003	Sacha	Michele	F	0028114	L	no	Student	msacha@u.washington.edu	5
12/08/2002	Sahlstrom	Chris	M	0135119	L	no	Student	chrismd@u.washington.edu	5
10/06/2002	Salk	Jennifer	F		L	paid	Faculty/Staff	jsalk@u.washington.edu	1
01/19/2003	Saunders	Christopher	M	0029918	RS	no	Student	ctsa@u.washington.edu	2
02/09/2003	Schwager	Brett	M	9738533	RS	no	Student	schwag@u.washington.edu	5
11/10/2002	Shekleton	Phillip	M		RS	paid	Faculty/Staff	philross@u.washington.edu	2
01/26/2003	Shirk	Andrew	M		RS	paid	Faculty/Staff	ashirk@u.washington.edu	4
11/17/2002	Smith	Brian	M	8923004	L	no	Student	smithbh@u.washington.edu	4
04/13/2003	Smith	Willo	F	0350231	RS	no	Student	woodsy@u.washington.edu	4
05/11/2003	Spaulding	Emily	F	0233456	RS	no	Student	spaule@u.washington.edu	4
12/08/2002	Startsev	Boris	M		I	no	Faculty/Staff	boriss@cs.washington.edu	5
01/12/2003	Strange	Joshua	M	0137173	RS	no	Student	strange@u.washington.edu	5
04/27/2003	Sun	Guoli	M		L	paid	Faculty/Staff	gsun@u.washington.edu	5
10/20/2002	Szuts	Zoltan	M	0240967	RS	no	Student	zszuts@u.washington.edu	5
11/05/2002	Tani	Hanako	F	0136514	RS	no	Student	hmtani@u.washington.edu	5
04/27/2003	Ulmer	Jon	M	0029044	RS	no	Student	julmer@u.washington.edu	4
04/06/2003	Valero	Juan	M	9925585	RS	no	Student	juan@u.washington.edu	4
10/20/2002	Van Horn	M. Lee	M		RS	paid	Faculty/Staff	vanhorn@u.washington.edu	4
10/06/2002	Vincent	Graylan	M	9822103	L	no	Student	gvincent@u.washington.edu	2
04/20/2003	Volk	Carol	F	0041055	RS	no	Student	cvolk@u.washington.edu	4
10/20/2002	Wagenbach	Michael	M		RS	paid	Faculty/Staff	wagen@u.washington.edu	5
04/06/2003	Walsen	Greg	M	0025168	L	no	Student	superman@u.washington.edu	5
01/12/2003	Welser 	Doug	M	0235907	I	no	Student	doug@canoekayak.com	3
10/27/2002	West	John Todd	M	9924754	I	no	Student	twest@u.washington.edu	5
04/20/2003	Wettstein	Justin	M	0027210	I	no	Student	justinjw@u.washington.edu	4
11/24/2002	Wheeler	Nicolette	F	0240539	L	no	Student	naw3@u.washington.edu	5
11/10/2002	White	George	M	0136699	RS	no	Student	gwnw2@u.washington.edu	5
11/05/2002	Will	Oliver	M		RS	paid	Faculty/Staff	oliveran@u.washington.edu	5
02/09/2003	Williams	Eleanor	F	0210066	RS	no	Student	eleanor@ocean.washington.edu	2
11/17/2002	Wilson	Carly	F	0221418	L	no	Student	lamington321@hotmail.com	4
01/26/2003	Wilson	Naomi	F		RS	paid	Faculty/Staff	naomiw@u.washington.edu	4
10/27/2002	Wong	Annie	F		RS	paid	Faculty/Staff	annie42_@u.washington.edu	5
05/11/2003	Yagle	Kevin	M		L	paid	Faculty/Staff	kyagle@u.washington.edu	5
11/24/2002	Zachara	Heather	F	0121575	L	no	Student	HeatherR83@aol.com	5
10/06/2002	Zhang	Tong	F	0223888	RS	no	Student	tongz@u.washington.edu	5
04/13/2003	Zimmerman	Lisa	F	9923211	L	no	Student	zimmy@u.washington.edu	4
05/08/2003	Orr	Marf	M	0030820	RS	no	Student	mt_orr@hotmail.com	4
05/13/2003	Menden-deuer	Susanne	F	9636806	RS	no	Student	smenden@ocean.washington.edu	4
05/13/2003	Rynearson	Tatiana	F		RS	paid	Faculty/Staff	trynear@ocean.washington.edu	4
05/26/2003	Lingenbrink	Doug	M		RS	paid	Spouse	link@whidbey.com	4
05/26/2003	Keith	Kelly	M		RS	paid	Faculty/Staff	kkeith@u.washington.edu	4
05/29/2003	Stallings	Laurie	F	0027681	L	no	Student	lstall@u.washington.edu	5
05/29/2003	Farries	Michael	M		L	paid	Faculty/Staff	farries@u.washington.edu	5
05/29/2003	Wander	Michael	M	9911002	L	no	Student	wanderwest@hotmail.com	2
05/20/2003	Lane	Richard	M		RS	paid	Faculty/Staff	rslane@u.washington.edu	5
05/20/2003	Banas	Neil	M	9810046	RS	no	Student	banasn@u.washington.edu	4
06/12/2003	Carter	Stephanie	F	9735765	RS	no	Student	srcarter@u.washington.edu	4
06/12/2003	Cook	Donna	F	0110295	RS	no	Student	djcook@u.washington.edu	4
06/19/2003	Lacitis	Ansley	F	0121343	RS	no	Student	lacitis@u.washington.edu	5
06/19/2003	Johnson	Stephen	M	0122184	L	no	Student	bigsteve@u.washington.edu	2
06/19/2003	Rouse	Ruth Ann	F		L	paid	Faculty/Staff	rarouse@u.washington.edu	2
06/19/2003	Rouse	Michael	M	0230709	L	no	Student	rousemc@u.washington.edu	3
06/19/2003	MacRae	Gregory	M		L	paid	Faculty/Staff	macrae@u.washington.edu	2
05/11/2003	Chia 	Evelyn	F	0134969	RS	no	Student	stec@u.washington.edu	5
06/30/2003	Rennert	Kevin	M	0029893	RS	no	Student	rennert@atmos.washington.edu	4
06/30/2003	Belskus	Jason	M		RS	paid	Spouse	jason.belskus@metrokc.gov	3
06/30/2003	McKennoch	Sam	M	0035458	L	no	Student	samckennoch@yahoo.com	5
06/30/2003	Layton	Peter	M	0340675	RS	no	Student	pblaxton@yahoo.com	5
06/30/2003	Mortisen	Derek	M	0223376	RS	no	Student	mortisen@u.washington.edu	5
06/30/2003	Berson	Gabriel	M		RS	paid	Faculty/Staff	gberson@u.washington.edu	4
06/30/2003	Burr	Michael	M	0351236	L	no	Student	mburr01@tufts.edu	2
06/30/2003	Gray	Tomoko	F	0036553	L	no	Student	torara@u.washington.edu	5
06/30/2003	Wei	Joseph	M	9830960	L	no	Student	wei@u.washington.edu	5
06/30/2003	Carlson	Josh	M	0142282	L	no	Student	Josh@pnable.com	5
06/30/2003	Flexman	Jennifer	F	0226948	L	no	Student	jfelxman@u.washington.edu	5
06/30/2003	Mullins	James	M	0135427	L	no	Student	mullins@u.washington.edu	4
06/30/2003	Li	Chia-Chi	M	9821993	RS	no	Student	divinity@u.washington.edu	2
06/30/2003	Giansiracusa	Jeffrey	M	9927087	L	no	Student	jeffgian@u.washington.edu	2
06/30/2003	Garg	Arti	M	0120011	L	no	Student	artigarg@u.washington.edu	2
06/30/2003	McNew	John-Michael	M	9637706	L	no	Student	mcnew@u.washington.edu	4
06/30/2003	Williams	Bryan	M	0110073	L	no	Student	bew@u.washington.edu	4
07/01/2003	Duvall	Sue	M	9428064	RS	no	Student	suepduvall@earthlink.net	5
07/11/2003	Nadler	Samuel	M		RS	no	Faculty/Staff	snadler@u.washington.edu	2
07/11/2003	Babson	Eric	M		RS	paid	Faculty/Staff	babson@math.washington.edu	2
07/11/2003	Cook	Eryn	F	0011996	L	no	Student	yertle@u.washington.edu	5
07/11/2003	deSzoeke	Simon	M	9825040	RS	no	Student		1
07/11/2003	Flynn	Lucy	F	9420106	L	no	Student	lflynn@u.washington.edu	2
07/11/2003	Datta	Robin	M		RS	paid	Faculty/Staff	rdatta@u.washington.edu	4
07/11/2003	Engstrom	Amy	F	0226653	RS	no	Student	amy@u.washington.edu	4
07/11/2003	McGuire	Marketa	F	0226783	RS	no	Student	marketamcguire@yahoo.com	4
07/11/2003	Doten	Colleen	F	0225669	RS	no	Student	codoten@u.washington.edu	4
07/11/2003	Fraser	Whitney	F	0211722	L	no	Student	fraser@u.washington.edu	4
07/17/2003	Slutsky	Simon	M		L	no	Student	slutsky@dirac.washington.edu	4
07/17/2003	Holmes	Devin	M		L	no	Student	Angler2000@hotmail.com	5
07/17/2003	Nguyen	Tho	F	0035685	L	no	Student	tho@ee.washington.edu	5
07/17/2003	Gosting	Jon	M	9937384	L	no	Student	jgosting@ee.washington.edu	4
07/17/2003	Smith	Monica	F		L	no	Student	msmith@phys.washington.edu	4
07/17/2003	Fustin	Drew	M		L	no	Student	fustin@phys.washington.edu	4
07/17/2003	Chan	Kai-An	F	0232242	L	no	Student	kaian@u.washington.edu	5
07/17/2003	Lo	Kuang-Ta	F	9929875	L	no	Student	vancelo@u.washington.edu	5
07/17/2003	Wu	Brad	M	9432840	L	no	Student	ccwu@u.washington.edu	5
07/17/2003	Yancey	Sara	F		L	no	Student	sayancey@vt.edu	5
07/17/2003	Fenstermacher	Elizabeth	F		L	no	Student	beth@dirac.phys.washington.edu	5
07/17/2003	Kameenvi	Ani	F	0226660	L	no	Student	anik@u.washington.edu	5
07/17/2003	Kudamik	Kasey	F	0226784	L	no	Student	ksk12@u.washington.edu	4
07/17/2003	Loux	Travis	M	0220416	L	no	Student	louxt@u.washington.edu	5
07/17/2003	Dunham	Michael	M		L	no	Student	dunham@phys.washington.edu	5
07/17/2003	Drullinger	Todd	M	0335118	L	no	Student	drullinger@hotmail.com	4
07/17/2003	Andrews	Sarah	F	0228619	L	no	Student	sarahfa@u.washington.edu	4
07/31/2003	Neunier	Cassandra	F	0236581	L	no	Student	cm5@u.washington.edu	4
07/31/2003	Ferro	Lori	F		L	no	Student	xpoops@mail.eu	4
07/31/2003	Drake	Deanne	F	9526690	RS	no	Student	ddrake@u.washington.edu	3
07/31/2003	Esposito	Luciana	F		RS	no	Student	luci@protein.mchem.washington.	2
07/31/2003	Woods	Liila	F	0341111	L	no	Student	liila@u.washington.edu	2
07/31/2003	Wayland	Ted	M	0132803	L	no	Student	tsw@u.washington.edu	2
07/31/2003	Reynolds	Lisa	F	0312109	L	no	Student	inwildness@hotmail.com	4
07/31/2003	Laughlin	Benjamin	M	0320618	L	no	Student	laughb@u.washington.edu	5
07/31/2003	Bohlig	Nathan	M		L	paid	Spouse	nbohlig@comcast.net	2
08/07/2003	Balco	Greg	M	9825367	I	no	Student	balcs@u.washington.edu	4
07/17/2003	Welch	Jerimiah	M	0350319	RS	no	Student	jgwelch@u.washington.edu	5
